"STATION","NAME","DATE","AWND","PRCP","SNOW","SNWD","TAVG","TMAX","TMIN","WDF2","WDF5","WSF2","WSF5","WT01","WT02","WT03","WT04","WT06","WT08"
"USW00094728","NY CITY CENTRAL PARK, NY US","2022-01-01","1.4","20.1","0.0","0.0",,"13.3","10.0","   60","   60","4.5","6.7","    1",,,,,
"USW00094728","NY CITY CENTRAL PARK, NY US","2022-01-02","2.6","1.0","0.0","0.0",,"15.0","2.8","  300","  300","8.1","13.4","    1",,,,,
"USW00094728","NY CITY CENTRAL PARK, NY US","2022-01-03","4.4","0.0","0.0","0.0",,"2.8","-5.5","  350","  360","8.1","13.0",,,,,,
"USW00094728","NY CITY CENTRAL PARK, NY US","2022-01-04","2.7","0.0","0.0","0.0",,"1.1","-7.1","  300","  290","6.3","10.3",,,,,,
"USW00094728","NY CITY CENTRAL PARK, NY US","2022-01-05","2.5","5.8","0.0","0.0",,"8.3","-0.5","  220","  240","6.7","10.3","    1",,,,"    1",
"USW00094728","NY CITY CENTRAL PARK, NY US","2022-01-06","2.9","0.0","0.0","0.0",,"5.0","1.1","  280","  270","7.6","12.1",,,,,,
"USW00094728","NY CITY CENTRAL PARK, NY US","2022-01-07","3.9","9.7","147.0","150.0",,"1.1","-3.8","   30","  270","8.1","13.0","    1","    1",,,,"    1"
"USW00094728","NY CITY CENTRAL PARK, NY US","2022-01-08","2.7","0.0","0.0","80.0",,"-1.0","-6.6","  310","  330","7.2","13.4",,,,,,
"USW00094728","NY CITY CENTRAL PARK, NY US","2022-01-09","3.8","2.5","0.0","80.0",,"4.4","-1.6","  240","  220","7.2","10.7","    1",,,,,
"USW00094728","NY CITY CENTRAL PARK, NY US","2022-01-10","3.8","0.0","0.0","0.0",,"4.4","-4.3","  300","  300","10.3","16.1",,,,,,
"USW00094728","NY CITY CENTRAL PARK, NY US","2022-01-11","3.3","0.0","0.0","0.0",,"-4.3","-9.3","  300","  300","8.1","13.0","    1",,,,,
"USW00094728","NY CITY CENTRAL PARK, NY US","2022-01-12","2.7","0.0","0.0","0.0",,"4.4","-6.6","  210","  200","7.6","13.0",,,,,,
"USW00094728","NY CITY CENTRAL PARK, NY US","2022-01-13","1.4","0.0","0.0","0.0",,"8.9","1.1","   60","   70","3.6","5.4",,,,,,
"USW00094728","NY CITY CENTRAL PARK, NY US","2022-01-14","3.7","0.0","0.0","0.0",,"6.1","-6.0","   10","   40","9.8","14.3",,,,,,
"USW00094728","NY CITY CENTRAL PARK, NY US","2022-01-15","3.2","0.0","0.0","0.0",,"-6.0","-12.1","   10","   20","6.3","9.4",,,,,,
"USW00094728","NY CITY CENTRAL PARK, NY US","2022-01-16","3.8","9.4","20.0","0.0",,"2.8","-12.1","   60","   40","7.6","12.1","    1",,,,,
"USW00094728","NY CITY CENTRAL PARK, NY US","2022-01-17","4.5","29.5","0.0","0.0",,"6.7","1.1","   50","   60","10.7","16.1","    1",,,,,
"USW00094728","NY CITY CENTRAL PARK, NY US","2022-01-18","4.1","0.0","0.0","0.0",,"2.2","-1.6","  300","  310","8.9","14.8",,,,,,
"USW00094728","NY CITY CENTRAL PARK, NY US","2022-01-19","3.0","0.0","0.0","0.0",,"9.4","-2.1","  240","  200","6.7","12.1",,,,,,
"USW00094728","NY CITY CENTRAL PARK, NY US","2022-01-20","3.0","7.6","0.0","0.0",,"7.8","-5.5","   10","   10","8.1","12.1","    1",,,,,
"USW00094728","NY CITY CENTRAL PARK, NY US","2022-01-21","3.5","0.0","0.0","0.0",,"-5.5","-9.9","   20","   10","7.2","11.2",,,,,,
"USW00094728","NY CITY CENTRAL PARK, NY US","2022-01-22","2.5","0.0","0.0","0.0",,"-1.6","-10.5","  250","   30","5.8","8.9",,,,,,
"USW00094728","NY CITY CENTRAL PARK, NY US","2022-01-23","2.4","0.5","5.0","0.0",,"2.8","-4.3","  240","  230","6.3","9.8","    1",,,,,"    1"
"USW00094728","NY CITY CENTRAL PARK, NY US","2022-01-24","1.9","0.0","0.0","0.0",,"2.2","-3.2","  210","  210","6.7","8.9",,,,,,"    1"
"USW00094728","NY CITY CENTRAL PARK, NY US","2022-01-25","2.6","0.0","0.0","0.0",,"5.6","-2.1","  280","  270","5.8","8.5",,,,,,"    1"
"USW00094728","NY CITY CENTRAL PARK, NY US","2022-01-26","2.8","0.0","0.0","0.0",,"-2.1","-6.6","  300","  300","7.2","10.3",,,,,,
"USW00094728","NY CITY CENTRAL PARK, NY US","2022-01-27","2.4","0.0","0.0","0.0",,"0.0","-8.2","  230","  240","6.7","8.9",,,,,,"    1"
"USW00094728","NY CITY CENTRAL PARK, NY US","2022-01-28","2.1","3.3","30.0","0.0",,"0.0","-1.6","   40","   30","8.9","12.1","    1",,,,,"    1"
"USW00094728","NY CITY CENTRAL PARK, NY US","2022-01-29","5.6","19.6","185.0","150.0",,"-1.6","-11.0","  350","  350","10.3","14.3","    1","    1",,,,"    1"
"USW00094728","NY CITY CENTRAL PARK, NY US","2022-01-30","3.1","0.0","0.0","180.0",,"-3.2","-11.0","  300","  290","7.6","13.4",,,,,,
"USW00094728","NY CITY CENTRAL PARK, NY US","2022-01-31","1.7","0.0","0.0","150.0",,"-0.5","-6.0","   60","   40","4.5","5.8",,,,,,
"USW00094728","NY CITY CENTRAL PARK, NY US","2022-02-01","2.3","0.0","0.0","150.0",,"2.2","-4.9","   50","   50","5.8","7.6",,,,,,
"USW00094728","NY CITY CENTRAL PARK, NY US","2022-02-02","1.3","0.0","0.0","100.0",,"8.3","0.0","  140","  140","3.6","5.4","    1",,,,,
"USW00094728","NY CITY CENTRAL PARK, NY US","2022-02-03","1.7","10.7","0.0","50.0",,"11.1","5.6","  230","  230","5.8","8.1","    1","    1",,,,
"USW00094728","NY CITY CENTRAL PARK, NY US","2022-02-04","3.0","18.3","0.0","0.0",,"13.9","-3.2","  340","  350","6.3","11.2","    1",,,,"    1",
"USW00094728","NY CITY CENTRAL PARK, NY US","2022-02-05","3.9","0.0","0.0","0.0",,"-2.7","-7.1","  300","  300","8.9","12.5",,,,,,
"USW00094728","NY CITY CENTRAL PARK, NY US","2022-02-06","2.1","0.0","0.0","0.0",,"-1.0","-8.2","   50","  130","4.5","6.7",,,,,,
"USW00094728","NY CITY CENTRAL PARK, NY US","2022-02-07","1.6","3.8","0.0","0.0",,"2.8","-1.0","   70","   60","5.8","8.1","    1",,,,,"    1"
"USW00094728","NY CITY CENTRAL PARK, NY US","2022-02-08","3.0","1.8","0.0","0.0",,"7.2","0.0","  270","  300","7.2","11.2","    1",,,,,
"USW00094728","NY CITY CENTRAL PARK, NY US","2022-02-09","1.8","0.0","0.0","0.0",,"7.8","-1.6","  180","  200","5.4","8.1",,,,,,
"USW00094728","NY CITY CENTRAL PARK, NY US","2022-02-10","2.3","0.0","0.0","0.0",,"12.2","2.8","  280","  260","7.6","14.8",,,,,,
"USW00094728","NY CITY CENTRAL PARK, NY US","2022-02-11","2.3","0.0","0.0","0.0",,"13.9","3.3","  190","  170","6.3","11.6",,,,,,
"USW00094728","NY CITY CENTRAL PARK, NY US","2022-02-12","3.4","0.0","0.0","0.0",,"15.0","5.6","  230","  220","7.2","12.1",,,,,,
"USW00094728","NY CITY CENTRAL PARK, NY US","2022-02-13","3.0","5.8","41.0","30.0",,"5.6","-3.8","   10","   10","5.8","8.9","    1",,,,,"    1"
"USW00094728","NY CITY CENTRAL PARK, NY US","2022-02-14","3.9","0.0","0.0","30.0",,"-3.8","-8.8","  300","  290","7.6","12.5",,,,,,
"USW00094728","NY CITY CENTRAL PARK, NY US","2022-02-15","2.2","0.0","0.0","0.0",,"-1.0","-8.8","  230","  280","4.5","7.6",,,,,,
"USW00094728","NY CITY CENTRAL PARK, NY US","2022-02-16","2.6","0.0","0.0","0.0",,"9.4","-2.1","  220","  200","6.3","11.2",,,,,,
"USW00094728","NY CITY CENTRAL PARK, NY US","2022-02-17","3.3","7.9","0.0","0.0",,"20.0","9.4","  230","  190","7.2","11.2","    1",,,,,
"USW00094728","NY CITY CENTRAL PARK, NY US","2022-02-18","4.3","8.4","0.0","0.0",,"17.2","-2.7","  300","  280","9.8","17.9","    1",,,,,
"USW00094728","NY CITY CENTRAL PARK, NY US","2022-02-19","3.7","0.0","0.0","0.0",,"4.4","-4.9","  290","  280","9.4","17.0",,,,,,"    1"
"USW00094728","NY CITY CENTRAL PARK, NY US","2022-02-20","3.4","0.0","0.0","0.0",,"2.2","-6.0","  310","  310","8.1","13.0",,,,,,
"USW00094728","NY CITY CENTRAL PARK, NY US","2022-02-21","2.0","0.0","0.0","0.0",,"12.8","0.0","  220","  190","5.8","9.8",,,,,,
"USW00094728","NY CITY CENTRAL PARK, NY US","2022-02-22","2.7","6.6","0.0","0.0",,"16.1","2.8","  160","  140","7.2","11.6","    1",,,,,"    1"
"USW00094728","NY CITY CENTRAL PARK, NY US","2022-02-23","3.7","0.0","0.0","0.0",,"20.0","1.7","  270","  280","9.8","13.9",,,,,,
"USW00094728","NY CITY CENTRAL PARK, NY US","2022-02-24","3.4","0.0","0.0","0.0",,"1.7","-1.6","   40","  290","7.2","10.3",,,,,,
"USW00094728","NY CITY CENTRAL PARK, NY US","2022-02-25","3.7","18.8","10.0","0.0",,"5.0","-3.2","   60","  280","8.9","11.6","    1",,,,"    1",
"USW00094728","NY CITY CENTRAL PARK, NY US","2022-02-26","3.2","0.0","0.0","0.0",,"2.8","-4.3","  300","  300","7.6","11.2",,,,,,"    1"
"USW00094728","NY CITY CENTRAL PARK, NY US","2022-02-27","4.3","0.0","0.0","0.0",,"8.9","-2.1","  240","  360","8.9","13.0",,,,,,
"USW00094728","NY CITY CENTRAL PARK, NY US","2022-02-28","2.6","0.0","0.0","0.0",,"2.2","-3.2","  300","  300","6.7","11.2",,,,,,
"USW00094728","NY CITY CENTRAL PARK, NY US","2022-03-01","2.6","0.0","0.0","0.0",,"8.9","-0.5","  180","  200","6.3","10.7",,,,,,
"USW00094728","NY CITY CENTRAL PARK, NY US","2022-03-02","2.4","0.0","0.0","0.0",,"11.1","4.4","  240","  250","5.8","9.4",,,,,,
"USW00094728","NY CITY CENTRAL PARK, NY US","2022-03-03","4.3","0.8","0.0","0.0",,"8.9","-4.3","  300","  320","8.1","13.4",,,,,,
"USW00094728","NY CITY CENTRAL PARK, NY US","2022-03-04","2.4","0.0","0.0","0.0",,"2.8","-6.0","  240","  230","5.8","9.4",,,,,,
"USW00094728","NY CITY CENTRAL PARK, NY US","2022-03-05","1.6","0.0","0.0","0.0",,"7.8","0.0","  160","  130","5.8","9.4",,,,,,
"USW00094728","NY CITY CENTRAL PARK, NY US","2022-03-06","2.4","1.5","0.0","0.0",,"20.0","6.1","  230","  220","6.7","10.3","    1",,,,,"    1"
"USW00094728","NY CITY CENTRAL PARK, NY US","2022-03-07","3.3","0.8","0.0","0.0",,"23.3","10.0","  280","  270","13.0","21.9",,,,,,
"USW00094728","NY CITY CENTRAL PARK, NY US","2022-03-08","4.1","0.0","0.0","0.0",,"10.0","3.9","  310","  290","10.3","16.1",,,,,,
"USW00094728","NY CITY CENTRAL PARK, NY US","2022-03-09","2.6","14.2","10.0","0.0",,"5.0","0.6","   80","   60","6.3","8.1","    1",,,,,
"USW00094728","NY CITY CENTRAL PARK, NY US","2022-03-10","0.8","0.0","0.0","0.0",,"10.6","0.6","  140","   40","3.6","4.9","    1",,,,,"    1"
"USW00094728","NY CITY CENTRAL PARK, NY US","2022-03-11","2.0","0.0","0.0","0.0",,"12.8","4.4","  140","  150","5.8","10.3",,,,,,
"USW00094728","NY CITY CENTRAL PARK, NY US","2022-03-12","4.4","12.7","0.0","0.0",,"8.9","-4.3","  310","  320","11.6","19.7","    1",,,,,"    1"
"USW00094728","NY CITY CENTRAL PARK, NY US","2022-03-13","4.0","0.0","0.0","0.0",,"1.7","-5.5","  280","  290","9.8","15.2",,,,,,"    1"
"USW00094728","NY CITY CENTRAL PARK, NY US","2022-03-14","2.5","0.0","0.0","0.0",,"13.3","0.6","  220","  210","6.7","11.6",,,,,,
"USW00094728","NY CITY CENTRAL PARK, NY US","2022-03-15","2.2","0.0","0.0","0.0",,"20.0","7.8","  280","  240","5.8","8.9",,,,,,
"USW00094728","NY CITY CENTRAL PARK, NY US","2022-03-16","2.0","0.0","0.0","0.0",,"19.4","8.9","  140","  160","5.8","8.9",,,,,,
"USW00094728","NY CITY CENTRAL PARK, NY US","2022-03-17","2.5","2.0","0.0","0.0",,"11.7","7.2","   60","   50","6.3","8.5","    1","    1",,,,"    1"
"USW00094728","NY CITY CENTRAL PARK, NY US","2022-03-18","2.2","0.0","0.0","0.0",,"23.3","10.0","  150","  160","5.4","8.5","    1",,,,,"    1"
"USW00094728","NY CITY CENTRAL PARK, NY US","2022-03-19","1.2","1.3","0.0","0.0",,"21.1","9.4","  290","  290","6.3","8.9","    1",,"    1",,,"    1"
"USW00094728","NY CITY CENTRAL PARK, NY US","2022-03-20","3.6","0.0","0.0","0.0",,"16.1","7.8","  300","  310","8.1","13.9",,,,,,
"USW00094728","NY CITY CENTRAL PARK, NY US","2022-03-21","3.6","0.0","0.0","0.0",,"16.7","6.7","  310","  280","7.6","12.1",,,,,,"    1"
"USW00094728","NY CITY CENTRAL PARK, NY US","2022-03-22","3.3","0.0","0.0","0.0",,"14.4","6.1","  310","  300","7.2","11.2",,,,,,
"USW00094728","NY CITY CENTRAL PARK, NY US","2022-03-23","3.4","1.5","0.0","0.0",,"9.4","3.3","   60","   50","7.2","9.8","    1",,,,,
"USW00094728","NY CITY CENTRAL PARK, NY US","2022-03-24","5.1","23.6","0.0","0.0",,"8.3","3.3","   60","   60","9.8","13.9","    1",,,,,
"USW00094728","NY CITY CENTRAL PARK, NY US","2022-03-25","1.9","0.5","0.0","0.0",,"15.6","6.7","  240","  240","8.1","13.4","    1",,,,,
"USW00094728","NY CITY CENTRAL PARK, NY US","2022-03-26","2.7","0.0","0.0","0.0",,"11.7","5.6","  270","  290","6.3","10.3",,,"    1",,,
"USW00094728","NY CITY CENTRAL PARK, NY US","2022-03-27","4.7","0.0","0.0","0.0",,"7.8","-2.1","  310","  310","9.4","15.7",,,,,,
"USW00094728","NY CITY CENTRAL PARK, NY US","2022-03-28","5.5","0.0","0.0","0.0",,"0.6","-4.9","  270","  300","10.3","15.7",,,,,,
"USW00094728","NY CITY CENTRAL PARK, NY US","2022-03-29","4.7","0.0","0.0","0.0",,"3.3","-4.3","  310","  300","8.9","13.0",,,,,,
"USW00094728","NY CITY CENTRAL PARK, NY US","2022-03-30","2.1","0.0","0.0","0.0",,"8.3","-1.6","  160","  150","5.4","7.6",,,,,,
"USW00094728","NY CITY CENTRAL PARK, NY US","2022-03-31","2.2","1.8","0.0","0.0",,"18.9","7.2","  210","  200","6.3","12.1","    1",,,,,"    1"
"USW00094728","NY CITY CENTRAL PARK, NY US","2022-04-01","3.9","7.1","0.0","0.0",,"16.1","6.1","  280","  290","9.8","15.2","    1",,,,,
"USW00094728","NY CITY CENTRAL PARK, NY US","2022-04-02","2.8","0.0","0.0","0.0",,"12.2","3.3","  300","  300","8.9","13.4",,,,,,
"USW00094728","NY CITY CENTRAL PARK, NY US","2022-04-03","1.8","3.0","0.0","0.0",,"8.9","4.4","  300","  290","6.3","10.3","    1",,,,,
"USW00094728","NY CITY CENTRAL PARK, NY US","2022-04-04","3.0","0.0","0.0","0.0",,"12.2","3.9","  310","  310","7.2","9.8",,,,,,
"USW00094728","NY CITY CENTRAL PARK, NY US","2022-04-05","1.5","1.0","0.0","0.0",,"13.9","7.2","  150","  170","5.8","8.1","    1",,,,,
"USW00094728","NY CITY CENTRAL PARK, NY US","2022-04-06","4.8","11.4","0.0","0.0",,"11.7","6.7","   80","   40","9.8","16.5","    1",,,,,
"USW00094728","NY CITY CENTRAL PARK, NY US","2022-04-07","3.3","28.4","0.0","0.0",,"12.2","7.2","  120","  120","8.1","13.9","    1",,"    1",,,"    1"
"USW00094728","NY CITY CENTRAL PARK, NY US","2022-04-08","3.0","0.8","0.0","0.0",,"18.3","9.4","  240","  230","6.7","10.7","    1",,,,,
"USW00094728","NY CITY CENTRAL PARK, NY US","2022-04-09","2.2","1.3","0.0","0.0",,"12.8","8.3","  280","  220","7.6","12.5",,,,,,"    1"
"USW00094728","NY CITY CENTRAL PARK, NY US","2022-04-10","4.3","0.0","0.0","0.0",,"10.0","5.6","  300","  300","9.4","14.3",,,,,,
"USW00094728","NY CITY CENTRAL PARK, NY US","2022-04-11","2.2","0.0","0.0","0.0",,"16.1","4.4","  300","  190","5.4","7.6",,,,,,
"USW00094728","NY CITY CENTRAL PARK, NY US","2022-04-12","1.7","1.8","0.0","0.0",,"22.2","10.0","  310","  300","5.4","8.1","    1",,,,,
"USW00094728","NY CITY CENTRAL PARK, NY US","2022-04-13","1.7","0.0","0.0","0.0",,"21.7","12.8","  170","  170","6.3","8.5",,,,,,
"USW00094728","NY CITY CENTRAL PARK, NY US","2022-04-14","2.1","1.5","0.0","0.0",,"26.1","13.9","  290","  320","7.2","11.6",,,"    1",,,"    1"
"USW00094728","NY CITY CENTRAL PARK, NY US","2022-04-15","2.6","0.0","0.0","0.0",,"21.1","11.1","  190","  200","6.7","11.2",,,,,,
"USW00094728","NY CITY CENTRAL PARK, NY US","2022-04-16","2.8","5.1","0.0","0.0",,"22.8","6.7","  350","  220","6.3","11.6","    1",,,,,
"USW00094728","NY CITY CENTRAL PARK, NY US","2022-04-17","3.1","0.0","0.0","0.0",,"10.6","5.0","  300","  320","8.1","13.0",,,,,,
"USW00094728","NY CITY CENTRAL PARK, NY US","2022-04-18","3.4","21.6","0.0","0.0",,"12.2","3.9","   70","   70","9.4","14.3","    1",,,,,
"USW00094728","NY CITY CENTRAL PARK, NY US","2022-04-19","4.7","31.5","0.0","0.0",,"10.0","3.9","   60","   50","11.2","16.5","    1",,,,,
"USW00094728","NY CITY CENTRAL PARK, NY US","2022-04-20","2.8","0.0","0.0","0.0",,"15.6","5.6","  300","  300","8.9","13.0",,,,,,
"USW00094728","NY CITY CENTRAL PARK, NY US","2022-04-21","2.7","0.0","0.0","0.0",,"15.0","6.7","  180","  140","7.2","11.2",,,,,,
"USW00094728","NY CITY CENTRAL PARK, NY US","2022-04-22","2.8","0.0","0.0","0.0",,"21.1","11.7","  300","  320","6.7","10.7",,,,,,
"USW00094728","NY CITY CENTRAL PARK, NY US","2022-04-23","2.3","0.0","0.0","0.0",,"18.3","10.6","  170","  190","4.5","7.6",,,,,,"    1"
"USW00094728","NY CITY CENTRAL PARK, NY US","2022-04-24","2.4","0.0","0.0","0.0",,"17.2","8.9","   60","  130","6.3","9.4",,,,,,
"USW00094728","NY CITY CENTRAL PARK, NY US","2022-04-25","2.2","0.0","0.0","0.0",,"14.4","7.8","  130","  120","5.4","8.1",,,,,,
"USW00094728","NY CITY CENTRAL PARK, NY US","2022-04-26","1.5","0.5","0.0","0.0",,"15.6","11.1","   50","  120","4.5","8.1","    1",,,,,"    1"
"USW00094728","NY CITY CENTRAL PARK, NY US","2022-04-27","4.7","0.0","0.0","0.0",,"14.4","5.0","  300","  320","8.9","14.3",,,,,,
"USW00094728","NY CITY CENTRAL PARK, NY US","2022-04-28","4.6","0.0","0.0","0.0",,"14.4","4.4","  300","  320","9.4","15.2",,,,,,
"USW00094728","NY CITY CENTRAL PARK, NY US","2022-04-29","3.5","0.0","0.0","0.0",,"17.2","5.0","  300","  300","8.1","11.6",,,,,,
"USW00094728","NY CITY CENTRAL PARK, NY US","2022-04-30","1.3","0.0","0.0","0.0",,"20.0","6.7","  300","  360","5.8","8.9",,,,,,
"USW00094728","NY CITY CENTRAL PARK, NY US","2022-05-01","1.4","0.0","0.0","0.0",,"20.6","8.3","  130","  130","5.8","8.9",,,,,,
"USW00094728","NY CITY CENTRAL PARK, NY US","2022-05-02","2.1","5.8","0.0","0.0",,"13.3","10.6","   60","  260","5.4","7.6","    1",,"    1",,,
"USW00094728","NY CITY CENTRAL PARK, NY US","2022-05-03","2.6","0.0","0.0","0.0",,"16.7","10.6","   80","   50","5.8","8.5",,,,,,
"USW00094728","NY CITY CENTRAL PARK, NY US","2022-05-04","1.1","2.0","0.0","0.0",,"18.3","10.0","   10","   90","4.0","7.2","    1",,,,,"    1"
"USW00094728","NY CITY CENTRAL PARK, NY US","2022-05-05","1.9","0.0","0.0","0.0",,"23.3","13.3","   50","   20","6.3","8.5",,,,,,
"USW00094728","NY CITY CENTRAL PARK, NY US","2022-05-06","1.6","17.5","0.0","0.0",,"16.1","9.4","   50","   50","5.8","8.9","    1",,,,,
"USW00094728","NY CITY CENTRAL PARK, NY US","2022-05-07","4.9","23.4","0.0","0.0",,"10.0","7.2","   60","   50","9.8","15.2","    1",,,,,
"USW00094728","NY CITY CENTRAL PARK, NY US","2022-05-08","5.0","0.0","0.0","0.0",,"14.4","7.2","   60","   60","10.7","13.9",,,,,,
"USW00094728","NY CITY CENTRAL PARK, NY US","2022-05-09","5.1","0.0","0.0","0.0",,"21.1","8.3","   60","   60","9.4","13.4",,,,,,
"USW00094728","NY CITY CENTRAL PARK, NY US","2022-05-10","4.5","0.0","0.0","0.0",,"22.8","10.6","   50","   50","10.3","13.4",,,,,,
"USW00094728","NY CITY CENTRAL PARK, NY US","2022-05-11","2.5","0.0","0.0","0.0",,"23.9","11.7","   50","   50","8.1","11.2",,,,,,
"USW00094728","NY CITY CENTRAL PARK, NY US","2022-05-12","2.2","0.0","0.0","0.0",,"23.9","14.4","   50","   80","6.3","8.9","    1",,,,,
"USW00094728","NY CITY CENTRAL PARK, NY US","2022-05-13","1.9","0.8","0.0","0.0",,"22.2","13.9","   70","   60","6.3","8.5","    1",,,,,"    1"
"USW00094728","NY CITY CENTRAL PARK, NY US","2022-05-14","1.3","5.6","0.0","0.0",,"22.2","15.6","  150","  130","3.6","6.3","    1",,,,,"    1"
"USW00094728","NY CITY CENTRAL PARK, NY US","2022-05-15","1.0","2.5","0.0","0.0",,"24.4","15.6","  220","  180","4.0","7.2","    1",,,,,
"USW00094728","NY CITY CENTRAL PARK, NY US","2022-05-16","2.2","3.0","0.0","0.0",,"23.9","16.1","  270","  250","6.7","10.3","    1",,"    1",,,"    1"
"USW00094728","NY CITY CENTRAL PARK, NY US","2022-05-17","3.1","0.0","0.0","0.0",,"25.0","13.9","  290","  290","8.9","14.8",,,,,,
"USW00094728","NY CITY CENTRAL PARK, NY US","2022-05-18","1.8","0.3","0.0","0.0",,"22.2","12.8","  300","  290","6.3","8.9",,,,,,
"USW00094728","NY CITY CENTRAL PARK, NY US","2022-05-19","1.1","18.5","0.0","0.0",,"18.9","12.2","  230","  140","4.0","6.7","    1",,,,,"    1"
"USW00094728","NY CITY CENTRAL PARK, NY US","2022-05-20","1.6","10.2","0.0","0.0",,"20.6","12.8","  120","  130","4.5","7.6","    1","    1","    1",,,"    1"
"USW00094728","NY CITY CENTRAL PARK, NY US","2022-05-21","0.7","0.0","0.0","0.0",,"32.2","16.7","  230","  230","4.0","6.3","    1","    1",,,,"    1"
"USW00094728","NY CITY CENTRAL PARK, NY US","2022-05-22","1.8","0.0","0.0","0.0",,"31.7","22.2","  310","  310","6.3","9.4",,,,,,
"USW00094728","NY CITY CENTRAL PARK, NY US","2022-05-23","3.0","0.0","0.0","0.0",,"22.8","16.1","   50","   40","7.2","10.7",,,,,,
"USW00094728","NY CITY CENTRAL PARK, NY US","2022-05-24","2.1","0.0","0.0","0.0",,"19.4","13.9","   60","   60","7.2","9.4",,,,,,
"USW00094728","NY CITY CENTRAL PARK, NY US","2022-05-25","1.3","0.0","0.0","0.0",,"21.1","11.7","  150","  130","4.0","7.2",,,,,,
"USW00094728","NY CITY CENTRAL PARK, NY US","2022-05-26","1.6","0.0","0.0","0.0",,"21.1","12.2","  140","  120","5.4","8.5",,,,,,
"USW00094728","NY CITY CENTRAL PARK, NY US","2022-05-27","1.3","6.9","0.0","0.0",,"26.7","18.3","  210","  170","5.4","8.9","    1",,"    1",,,
"USW00094728","NY CITY CENTRAL PARK, NY US","2022-05-28","1.5","18.3","0.0","0.0",,"23.3","17.2","  260","  240","9.4","19.2","    1","    1","    1",,,
"USW00094728","NY CITY CENTRAL PARK, NY US","2022-05-29","0.8","0.0","0.0","0.0",,"25.0","15.0","  250","  150","3.6","6.3",,,,,,
"USW00094728","NY CITY CENTRAL PARK, NY US","2022-05-30","1.3","0.0","0.0","0.0",,"28.9","17.2","  240","  130","4.0","7.6",,,,,,
"USW00094728","NY CITY CENTRAL PARK, NY US","2022-05-31","2.2","0.0","0.0","0.0",,"33.9","18.3","   60","   70","6.7","8.9",,,,,,
"USW00094728","NY CITY CENTRAL PARK, NY US","2022-06-01","2.9","18.0","0.0","0.0",,"22.2","15.6","   60","   60","7.2","9.4","    1",,"    1",,,
"USW00094728","NY CITY CENTRAL PARK, NY US","2022-06-02","1.4","11.4","0.0","0.0",,"26.1","16.7","  360","  350","5.8","9.8","    1",,,,,
"USW00094728","NY CITY CENTRAL PARK, NY US","2022-06-03","1.6","0.0","0.0","0.0",,"24.4","16.7","   50","   50","3.6","5.4","    1",,,,,
"USW00094728","NY CITY CENTRAL PARK, NY US","2022-06-04","1.0","0.0","0.0","0.0",,"26.7","16.1","  340","  170","4.0","6.3",,,,,,
"USW00094728","NY CITY CENTRAL PARK, NY US","2022-06-05","1.6","0.0","0.0","0.0",,"25.0","13.9","   40","   40","5.4","8.1",,,,,,
"USW00094728","NY CITY CENTRAL PARK, NY US","2022-06-06","1.9","0.0","0.0","0.0",,"26.7","17.2","  220","  220","5.4","8.9",,,,,,
"USW00094728","NY CITY CENTRAL PARK, NY US","2022-06-07","2.5","2.0","0.0","0.0",,"25.6","17.2","  150","  180","5.8","10.7",,,,,,
"USW00094728","NY CITY CENTRAL PARK, NY US","2022-06-08","2.0","0.8","0.0","0.0",,"27.8","18.9","  280","  280","5.4","8.1","    1",,,,,
"USW00094728","NY CITY CENTRAL PARK, NY US","2022-06-09","3.0","21.1","0.0","0.0",,"27.2","18.3","  240","  250","8.1","13.0","    1",,"    1",,,
"USW00094728","NY CITY CENTRAL PARK, NY US","2022-06-10","2.5","0.0","0.0","0.0",,"25.0","17.2","  260","  240","6.3","9.4",,,,,,"    1"
"USW00094728","NY CITY CENTRAL PARK, NY US","2022-06-11","1.4","0.0","0.0","0.0",,"23.3","18.9","  230","  230","4.0","6.3",,,,,,
"USW00094728","NY CITY CENTRAL PARK, NY US","2022-06-12","1.2","1.3","0.0","0.0",,"22.2","17.2","  130","  130","4.0","7.6","    1",,,,,
"USW00094728","NY CITY CENTRAL PARK, NY US","2022-06-13","1.1","0.0","0.0","0.0",,"29.4","20.0","  310","  240","4.5","8.5","    1",,,,,
"USW00094728","NY CITY CENTRAL PARK, NY US","2022-06-14","1.9","0.0","0.0","0.0",,"27.2","20.0","   50","   50","4.5","6.7",,,,,,
"USW00094728","NY CITY CENTRAL PARK, NY US","2022-06-15","1.6","0.0","0.0","0.0",,"28.3","18.9","   60","   50","6.3","9.4",,,,,,"    1"
"USW00094728","NY CITY CENTRAL PARK, NY US","2022-06-16","1.5","8.1","0.0","0.0",,"21.7","16.1","  200","  180","4.5","8.9","    1",,,,,
"USW00094728","NY CITY CENTRAL PARK, NY US","2022-06-17","2.8","0.0","0.0","0.0",,"31.1","20.6","  270","  250","7.6","13.0",,,,,,
"USW00094728","NY CITY CENTRAL PARK, NY US","2022-06-18","3.9","0.0","0.0","0.0",,"23.9","14.4","  300","  290","8.1","14.3",,,,,,
"USW00094728","NY CITY CENTRAL PARK, NY US","2022-06-19","3.1","0.0","0.0","0.0",,"22.8","12.2","  300","  300","7.2","12.1",,,,,,
"USW00094728","NY CITY CENTRAL PARK, NY US","2022-06-20","1.6","0.0","0.0","0.0",,"25.6","13.9","  300","  280","5.4","7.6",,,,,,
"USW00094728","NY CITY CENTRAL PARK, NY US","2022-06-21","1.1","1.5","0.0","0.0",,"26.7","17.2","   70","   70","4.0","5.8","    1",,,,,
"USW00094728","NY CITY CENTRAL PARK, NY US","2022-06-22","2.2","0.5","0.0","0.0",,"19.4","16.7","  130","  120","5.4","9.4","    1",,,,,"    1"
"USW00094728","NY CITY CENTRAL PARK, NY US","2022-06-23","1.4","2.0","0.0","0.0",,"23.3","16.1","  120","  130","5.4","8.5","    1",,,,,
"USW00094728","NY CITY CENTRAL PARK, NY US","2022-06-24","1.3","0.0","0.0","0.0",,"27.2","17.2","  240","  160","3.6","7.2","    1",,,,,"    1"
"USW00094728","NY CITY CENTRAL PARK, NY US","2022-06-25","1.0","0.0","0.0","0.0",,"32.2","20.6","  290","  300","4.0","5.8",,,,,,
"USW00094728","NY CITY CENTRAL PARK, NY US","2022-06-26","1.6","0.0","0.0","0.0",,"31.7","23.3","  140","  190","5.4","8.9",,,,,,
"USW00094728","NY CITY CENTRAL PARK, NY US","2022-06-27","1.3","7.4","0.0","0.0",,"25.0","20.6","  230","  230","5.4","7.6","    1",,,,,"    1"
"USW00094728","NY CITY CENTRAL PARK, NY US","2022-06-28","1.1","0.0","0.0","0.0",,"26.1","18.9","  300","  290","5.4","6.7",,,,,,
"USW00094728","NY CITY CENTRAL PARK, NY US","2022-06-29","0.9","0.0","0.0","0.0",,"28.9","18.9","  250","  230","4.5","8.1",,,,,,"    1"
"USW00094728","NY CITY CENTRAL PARK, NY US","2022-06-30","1.3","0.0","0.0","0.0",,"30.0","20.6","  270","  260","4.5","7.6",,,,,,
"USW00094728","NY CITY CENTRAL PARK, NY US","2022-07-01","1.7","0.0","0.0","0.0",,"32.8","22.8","  240","  210","5.4","8.1",,,,,,"    1"
"USW00094728","NY CITY CENTRAL PARK, NY US","2022-07-02","1.4","0.0","0.0","0.0",,"30.6","22.8","  280","  210","4.5","8.5",,,,,,
"USW00094728","NY CITY CENTRAL PARK, NY US","2022-07-03","1.7","0.0","0.0","0.0",,"31.1","22.8","  280","  270","4.5","7.6",,,,,,
"USW00094728","NY CITY CENTRAL PARK, NY US","2022-07-04","1.2","0.0","0.0","0.0",,"29.4","18.3","  270","  250","4.0","7.2",,,,,,"    1"
"USW00094728","NY CITY CENTRAL PARK, NY US","2022-07-05","2.0","2.3","0.0","0.0",,"30.6","21.1","  200","  170","5.4","8.9","    1",,,,,
"USW00094728","NY CITY CENTRAL PARK, NY US","2022-07-06","2.3","0.0","0.0","0.0",,"29.4","21.7","   50","  300","5.8","8.9","    1",,,,,"    1"
"USW00094728","NY CITY CENTRAL PARK, NY US","2022-07-07","2.2","0.0","0.0","0.0",,"28.9","20.6","   70","   70","5.4","7.6",,,,,,
"USW00094728","NY CITY CENTRAL PARK, NY US","2022-07-08","0.6","6.1","0.0","0.0",,"28.3","20.0","  290","  290","3.6","5.8","    1",,,,,
"USW00094728","NY CITY CENTRAL PARK, NY US","2022-07-09","1.3","0.0","0.0","0.0",,"29.4","21.7","   60","   50","4.5","7.2",,,,,,
"USW00094728","NY CITY CENTRAL PARK, NY US","2022-07-10","2.6","0.0","0.0","0.0",,"28.3","19.4","   60","   60","6.3","8.1",,,,,,
"USW00094728","NY CITY CENTRAL PARK, NY US","2022-07-11","2.3","0.0","0.0","0.0",,"29.4","19.4","  210","  220","5.8","9.8",,,,,,"    1"
"USW00094728","NY CITY CENTRAL PARK, NY US","2022-07-12","2.6","0.0","0.0","0.0",,"32.2","21.1","  240","  250","6.7","9.8",,,,,,
"USW00094728","NY CITY CENTRAL PARK, NY US","2022-07-13","1.2","0.0","0.0","0.0",,"32.8","23.3","  290","  180","4.0","7.2",,,,,,
"USW00094728","NY CITY CENTRAL PARK, NY US","2022-07-14","1.7","0.0","0.0","0.0",,"32.2","22.2","  300","  310","5.4","8.1",,,,,,
"USW00094728","NY CITY CENTRAL PARK, NY US","2022-07-15","2.0","0.0","0.0","0.0",,"30.0","22.8","   70","   60","5.4","8.1",,,,,,
"USW00094728","NY CITY CENTRAL PARK, NY US","2022-07-16","1.2","28.2","0.0","0.0",,"29.4","18.9","   50","   60","8.9","13.4","    1","    1","    1",,,"    1"
"USW00094728","NY CITY CENTRAL PARK, NY US","2022-07-17","1.1","0.0","0.0","0.0",,"28.3","21.7","  240","  230","5.4","7.6",,,,,,
"USW00094728","NY CITY CENTRAL PARK, NY US","2022-07-18","1.3","47.0","0.0","0.0",,"27.2","20.6","   60","  290","7.2","10.7","    1","    1",,,,
"USW00094728","NY CITY CENTRAL PARK, NY US","2022-07-19","2.3","0.0","0.0","0.0",,"32.2","22.8","  260","  260","5.8","8.5",,,,,,
"USW00094728","NY CITY CENTRAL PARK, NY US","2022-07-20","1.8","0.0","0.0","0.0",,"35.0","25.6","  220","  230","4.5","7.2",,,,,,
"USW00094728","NY CITY CENTRAL PARK, NY US","2022-07-21","1.8","4.1","0.0","0.0",,"33.3","23.3","   40","  300","6.3","13.0","    1",,"    1",,,
"USW00094728","NY CITY CENTRAL PARK, NY US","2022-07-22","1.2","0.0","0.0","0.0",,"34.4","25.6","  280","  280","4.5","7.6",,,,,,
"USW00094728","NY CITY CENTRAL PARK, NY US","2022-07-23","0.9","0.0","0.0","0.0",,"35.0","25.6","  230","  210","4.5","7.6",,,,,,
"USW00094728","NY CITY CENTRAL PARK, NY US","2022-07-24","2.2","0.0","0.0","0.0",,"35.0","26.1","  240","  230","5.8","9.4",,,,,,
"USW00094728","NY CITY CENTRAL PARK, NY US","2022-07-25","2.1","24.9","0.0","0.0",,"30.0","22.8","  300","  280","7.6","12.1","    1","    1","    1",,,
"USW00094728","NY CITY CENTRAL PARK, NY US","2022-07-26","1.7","0.0","0.0","0.0",,"27.2","21.7","   50","   50","5.8","8.9",,,,,,
"USW00094728","NY CITY CENTRAL PARK, NY US","2022-07-27","1.0","0.0","0.0","0.0",,"29.4","21.1","  140","  130","3.6","6.7",,,,,,
"USW00094728","NY CITY CENTRAL PARK, NY US","2022-07-28","1.7","0.5","0.0","0.0",,"30.6","22.8","  250","  190","5.4","7.6","    1",,,,,
"USW00094728","NY CITY CENTRAL PARK, NY US","2022-07-29","1.5","2.5","0.0","0.0",,"29.4","22.2","  230","  230","5.8","8.9","    1",,,,,
"USW00094728","NY CITY CENTRAL PARK, NY US","2022-07-30","2.1","0.0","0.0","0.0",,"30.6","22.8","  310","  270","6.3","9.4",,,,,,
"USW00094728","NY CITY CENTRAL PARK, NY US","2022-07-31","0.9","0.0","0.0","0.0",,"30.0","21.7","  170","  170","3.6","6.3",,,,,,
"USW00094728","NY CITY CENTRAL PARK, NY US","2022-08-01","1.2","12.2","0.0","0.0",,"25.0","20.0","   60","   40","4.0","6.3","    1",,,,,"    1"
"USW00094728","NY CITY CENTRAL PARK, NY US","2022-08-02","1.6","0.0","0.0","0.0",,"32.2","22.2","  240","  270","5.4","7.2",,,,,,
"USW00094728","NY CITY CENTRAL PARK, NY US","2022-08-03","1.4","0.0","0.0","0.0",,"31.7","21.7","  230","  130","4.0","6.3",,,,,,
"USW00094728","NY CITY CENTRAL PARK, NY US","2022-08-04","1.6","0.0","0.0","0.0",,"33.9","24.4","  140","  130","5.4","8.9",,,,,,
"USW00094728","NY CITY CENTRAL PARK, NY US","2022-08-05","1.5","0.0","0.0","0.0",,"31.7","25.6","  230","  220","4.5","6.3",,,,,,
"USW00094728","NY CITY CENTRAL PARK, NY US","2022-08-06","1.8","0.0","0.0","0.0",,"33.3","25.0","  240","  240","5.8","10.3",,,,,,
"USW00094728","NY CITY CENTRAL PARK, NY US","2022-08-07","2.5","4.1","0.0","0.0",,"33.3","24.4","  260","  250","6.3","11.6","    1",,"    1",,,
"USW00094728","NY CITY CENTRAL PARK, NY US","2022-08-08","2.4","0.0","0.0","0.0",,"33.9","26.1","  250","   99","4.0","8.1",,,,,,
"USW00094728","NY CITY CENTRAL PARK, NY US","2022-08-09","2.2","0.8","0.0","0.0",,"36.1","25.6","  240","   10","6.3","10.3",,,"    1",,,
"USW00094728","NY CITY CENTRAL PARK, NY US","2022-08-10","1.6","0.0","0.0","0.0",,"30.6","23.9","  140","  170","4.0","6.7",,,,,,
"USW00094728","NY CITY CENTRAL PARK, NY US","2022-08-11","1.0","2.8","0.0","0.0",,"31.7","22.2","  260","  270","4.5","6.7","    1",,,,,
"USW00094728","NY CITY CENTRAL PARK, NY US","2022-08-12","2.5","0.0","0.0","0.0",,"29.4","21.7","   60","   10","6.3","9.4",,,,,,
"USW00094728","NY CITY CENTRAL PARK, NY US","2022-08-13","2.0","0.0","0.0","0.0",,"26.1","18.3","   50","   50","6.3","9.4",,,,,,
"USW00094728","NY CITY CENTRAL PARK, NY US","2022-08-14","1.2","0.0","0.0","0.0",,"27.8","18.9","  130","  130","4.0","7.2",,,,,,
"USW00094728","NY CITY CENTRAL PARK, NY US","2022-08-15","0.8","0.0","0.0","0.0",,"28.3","20.0","  200","  200","4.0","7.2",,,,,,
"USW00094728","NY CITY CENTRAL PARK, NY US","2022-08-16","2.5","0.0","0.0","0.0",,"28.3","18.9","   60","   40","7.6","9.8",,,,,,
"USW00094728","NY CITY CENTRAL PARK, NY US","2022-08-17","1.5","8.6","0.0","0.0",,"27.2","17.2","   50","   40","7.2","11.2","    1",,"    1",,,"    1"
"USW00094728","NY CITY CENTRAL PARK, NY US","2022-08-18","1.3","0.0","0.0","0.0",,"30.6","16.7","  280","  270","4.5","7.2",,,,,,
"USW00094728","NY CITY CENTRAL PARK, NY US","2022-08-19","1.6","0.0","0.0","0.0",,"32.2","20.6","  180","  220","4.5","8.5",,,,,,
"USW00094728","NY CITY CENTRAL PARK, NY US","2022-08-20","1.3","0.0","0.0","0.0",,"32.2","23.3","  140","  170","5.4","8.5",,,,,,
"USW00094728","NY CITY CENTRAL PARK, NY US","2022-08-21","1.2","0.0","0.0","0.0",,"27.8","22.2","  130","  130","4.0","6.7",,,,,,
"USW00094728","NY CITY CENTRAL PARK, NY US","2022-08-22","1.2","5.8","0.0","0.0",,"26.1","22.8","   60","  130","4.0","5.8","    1",,,,,
"USW00094728","NY CITY CENTRAL PARK, NY US","2022-08-23","1.3","0.0","0.0","0.0",,"30.0","22.2","  280","  280","5.8","8.1","    1",,,,,"    1"
"USW00094728","NY CITY CENTRAL PARK, NY US","2022-08-24","1.7","0.0","0.0","0.0",,"32.2","21.7","  240","  260","4.5","7.2",,,,,,
"USW00094728","NY CITY CENTRAL PARK, NY US","2022-08-25","1.1","0.0","0.0","0.0",,"32.8","22.2","  200","  170","3.6","6.3",,,,,,
"USW00094728","NY CITY CENTRAL PARK, NY US","2022-08-26","1.3","6.1","0.0","0.0",,"30.6","23.3","  270","  190","4.0","7.2","    1","    1","    1",,,
"USW00094728","NY CITY CENTRAL PARK, NY US","2022-08-27","1.7","0.0","0.0","0.0",,"32.2","23.3","   60","  210","4.5","6.3",,,,,,
"USW00094728","NY CITY CENTRAL PARK, NY US","2022-08-28","2.3","0.0","0.0","0.0",,"27.8","22.8","   60","   60","4.5","7.6",,,,,,
"USW00094728","NY CITY CENTRAL PARK, NY US","2022-08-29","1.3","0.0","0.0","0.0",,"29.4","23.9","  140","  170","4.5","8.5",,,,,,
"USW00094728","NY CITY CENTRAL PARK, NY US","2022-08-30","1.9","3.0","0.0","0.0",,"31.7","22.8","  240","  230","5.8","10.7","    1",,,,,
"USW00094728","NY CITY CENTRAL PARK, NY US","2022-08-31","2.3","0.0","0.0","0.0",,"29.4","20.6","  290","  270","5.8","8.9","    1",,,,,
"USW00094728","NY CITY CENTRAL PARK, NY US","2022-09-01","1.8","0.0","0.0","0.0",,"30.0","20.6","  310","  300","6.3","9.4",,,,,,"    1"
"USW00094728","NY CITY CENTRAL PARK, NY US","2022-09-02","1.7","0.0","0.0","0.0",,"26.1","16.7","   50","   50","5.4","7.2",,,,,,
"USW00094728","NY CITY CENTRAL PARK, NY US","2022-09-03","1.0","0.0","0.0","0.0",,"27.8","18.3","  150","  120","3.1","6.3",,,,,,
"USW00094728","NY CITY CENTRAL PARK, NY US","2022-09-04","1.2","0.0","0.0","0.0",,"32.2","21.7","  250","  290","4.5","6.3",,,,,,
"USW00094728","NY CITY CENTRAL PARK, NY US","2022-09-05","0.9","1.5","0.0","0.0",,"31.1","22.8","  180","  190","4.0","7.6","    1",,,,,
"USW00094728","NY CITY CENTRAL PARK, NY US","2022-09-06","1.7","19.8","0.0","0.0",,"23.3","19.4","   50","   70","6.7","9.8","    1",,,,,
"USW00094728","NY CITY CENTRAL PARK, NY US","2022-09-07","2.9","0.0","0.0","0.0",,"22.2","18.3","   60","   50","6.3","8.1","    1",,,,,
"USW00094728","NY CITY CENTRAL PARK, NY US","2022-09-08","1.8","0.0","0.0","0.0",,"25.6","18.3","   60","   60","5.4","7.2",,,,,,
"USW00094728","NY CITY CENTRAL PARK, NY US","2022-09-09","1.6","0.0","0.0","0.0",,"26.7","16.7","   70","   90","4.5","6.3",,,,,,
"USW00094728","NY CITY CENTRAL PARK, NY US","2022-09-10","1.1","0.0","0.0","0.0",,"30.0","17.8","  250","  250","3.6","5.8",,,,,,
"USW00094728","NY CITY CENTRAL PARK, NY US","2022-09-11","1.2","8.1","0.0","0.0",,"24.4","19.4","  250","  270","4.0","5.8","    1",,,,,
"USW00094728","NY CITY CENTRAL PARK, NY US","2022-09-12","0.6","20.6","0.0","0.0",,"27.2","20.0","  120","  130","4.0","7.6","    1","    1","    1",,,
"USW00094728","NY CITY CENTRAL PARK, NY US","2022-09-13","1.7","10.4","0.0","0.0",,"27.8","20.0","  280","  230","5.4","9.4","    1",,"    1",,,
"USW00094728","NY CITY CENTRAL PARK, NY US","2022-09-14","2.5","0.0","0.0","0.0",,"26.7","16.7","  300","  310","5.8","8.9",,,,,,
"USW00094728","NY CITY CENTRAL PARK, NY US","2022-09-15","2.6","0.0","0.0","0.0",,"23.3","16.7","   50","   20","5.4","8.5",,,,,,
"USW00094728","NY CITY CENTRAL PARK, NY US","2022-09-16","0.9","0.0","0.0","0.0",,"23.9","13.9","   70","   60","4.5","5.8",,,,,,
"USW00094728","NY CITY CENTRAL PARK, NY US","2022-09-17","2.1","0.0","0.0","0.0",,"24.4","17.8","   60","   60","4.5","7.6",,,,,,
"USW00094728","NY CITY CENTRAL PARK, NY US","2022-09-18","2.5","0.0","0.0","0.0",,"28.3","19.4","  240","  210","5.8","9.4",,,,,,
"USW00094728","NY CITY CENTRAL PARK, NY US","2022-09-19","1.6","3.6","0.0","0.0",,"29.4","20.0","  270","  280","9.8","19.7","    1",,"    1",,,
"USW00094728","NY CITY CENTRAL PARK, NY US","2022-09-20","1.8","0.0","0.0","0.0",,"26.1","19.4","  300","  290","5.4","8.9",,,,,,
"USW00094728","NY CITY CENTRAL PARK, NY US","2022-09-21","1.4","0.0","0.0","0.0",,"26.7","16.7","  240","  220","4.0","7.2",,,,,,
"USW00094728","NY CITY CENTRAL PARK, NY US","2022-09-22","3.3","11.9","0.0","0.0",,"23.9","13.9","  300","  290","8.1","13.0","    1","    1","    1",,,
"USW00094728","NY CITY CENTRAL PARK, NY US","2022-09-23","4.3","0.0","0.0","0.0",,"17.2","10.6","  300","  310","7.6","14.3",,,,,,
"USW00094728","NY CITY CENTRAL PARK, NY US","2022-09-24","1.8","0.0","0.0","0.0",,"20.6","9.4","  280","  260","4.5","7.6",,,,,,
"USW00094728","NY CITY CENTRAL PARK, NY US","2022-09-25","1.5","28.2","0.0","0.0",,"22.2","15.0","  230","  240","4.5","8.1","    1",,"    1",,,
"USW00094728","NY CITY CENTRAL PARK, NY US","2022-09-26","2.6","0.0","0.0","0.0",,"23.3","14.4","  260","  230","6.3","9.4",,,,,,
"USW00094728","NY CITY CENTRAL PARK, NY US","2022-09-27","1.9","0.0","0.0","0.0",,"21.1","15.0","  250","  230","5.4","8.5",,,,,,
"USW00094728","NY CITY CENTRAL PARK, NY US","2022-09-28","1.8","0.0","0.0","0.0",,"20.6","11.7","  280","  270","5.4","7.2",,,,,,
"USW00094728","NY CITY CENTRAL PARK, NY US","2022-09-29","2.6","0.0","0.0","0.0",,"18.9","11.7","   50","   40","6.7","9.8",,,,,,
"USW00094728","NY CITY CENTRAL PARK, NY US","2022-09-30","3.1","0.0","0.0","0.0",,"16.7","11.1","   60","   60","6.3","8.5",,,,,,
"USW00094728","NY CITY CENTRAL PARK, NY US","2022-10-01","4.5","15.0","0.0","0.0",,"16.1","10.6","   50","   20","8.1","12.1","    1",,,,,
"USW00094728","NY CITY CENTRAL PARK, NY US","2022-10-02","5.5","0.0","0.0","0.0",,"15.6","10.0","   50","   40","10.3","16.1",,,,,,
"USW00094728","NY CITY CENTRAL PARK, NY US","2022-10-03","4.7","11.9","0.0","0.0",,"11.7","8.3","   50","   50","9.8","14.3","    1",,,,,
"USW00094728","NY CITY CENTRAL PARK, NY US","2022-10-04","4.4","47.0","0.0","0.0",,"12.8","7.8","   60","   60","8.1","12.1","    1",,"    1",,,
"USW00094728","NY CITY CENTRAL PARK, NY US","2022-10-05","2.4","9.4","0.0","0.0",,"15.0","12.2","   20","   40","5.4","8.9","    1",,,,,
"USW00094728","NY CITY CENTRAL PARK, NY US","2022-10-06","1.3","0.0","0.0","0.0",,"23.3","11.7","  290","  230","3.6","4.9",,,,,,
"USW00094728","NY CITY CENTRAL PARK, NY US","2022-10-07","2.1","0.0","0.0","0.0",,"24.4","14.4","  300","  300","5.4","7.6",,,,,,
"USW00094728","NY CITY CENTRAL PARK, NY US","2022-10-08","2.1","0.8","0.0","0.0",,"14.4","8.3","  300","  310","5.8","8.9",,,,,,
"USW00094728","NY CITY CENTRAL PARK, NY US","2022-10-09","1.6","0.0","0.0","0.0",,"16.1","6.7","  240","  230","5.8","9.4",,,,,,
"USW00094728","NY CITY CENTRAL PARK, NY US","2022-10-10","1.5","0.0","0.0","0.0",,"19.4","11.1","  240","  230","4.5","8.5",,,,,,
"USW00094728","NY CITY CENTRAL PARK, NY US","2022-10-11","1.2","0.0","0.0","0.0",,"21.1","10.6","  240","  210","4.0","6.7",,,,,,
"USW00094728","NY CITY CENTRAL PARK, NY US","2022-10-12","1.6","0.0","0.0","0.0",,"21.1","13.9","  220","  210","6.3","10.3",,,,,,
"USW00094728","NY CITY CENTRAL PARK, NY US","2022-10-13","1.8","20.3","0.0","0.0",,"20.6","12.2","  290","  170","6.7","9.8","    1",,"    1",,,
"USW00094728","NY CITY CENTRAL PARK, NY US","2022-10-14","1.7","4.8","0.0","0.0",,"19.4","11.1","  310","   30","4.5","7.6","    1",,,,,"    1"
"USW00094728","NY CITY CENTRAL PARK, NY US","2022-10-15","1.3","0.0","0.0","0.0",,"20.0","10.0","  140","  180","4.5","8.5",,,,,,
"USW00094728","NY CITY CENTRAL PARK, NY US","2022-10-16","1.2","0.0","0.0","0.0",,"17.8","11.1","   40","  240","4.0","6.3",,,,,,
"USW00094728","NY CITY CENTRAL PARK, NY US","2022-10-17","1.7","3.6","0.0","0.0",,"18.9","11.7","  220","  210","5.4","9.4","    1",,,,,
"USW00094728","NY CITY CENTRAL PARK, NY US","2022-10-18","2.5","0.0","0.0","0.0",,"13.3","7.8","  270","  230","5.4","8.5",,,,,,
"USW00094728","NY CITY CENTRAL PARK, NY US","2022-10-19","2.5","0.0","0.0","0.0",,"12.2","5.6","  250","  230","6.3","10.3",,,,,,
"USW00094728","NY CITY CENTRAL PARK, NY US","2022-10-20","2.5","0.0","0.0","0.0",,"14.4","6.7","  220","  210","5.8","9.8",,,,,,
"USW00094728","NY CITY CENTRAL PARK, NY US","2022-10-21","1.0","0.0","0.0","0.0",,"16.7","7.8","  240","  230","4.0","6.3",,,,,,"    1"
"USW00094728","NY CITY CENTRAL PARK, NY US","2022-10-22","1.2","0.0","0.0","0.0",,"18.9","9.4","  240","  220","4.0","6.3",,,,,,
"USW00094728","NY CITY CENTRAL PARK, NY US","2022-10-23","3.2","0.5","0.0","0.0",,"16.1","12.2","   50","   50","6.7","10.3",,,,,,
"USW00094728","NY CITY CENTRAL PARK, NY US","2022-10-24","3.4","13.2","0.0","0.0",,"16.1","12.8","   60","   40","6.3","9.8","    1",,,,,
"USW00094728","NY CITY CENTRAL PARK, NY US","2022-10-25","1.1","0.0","0.0","0.0",,"21.1","16.1","   60","   60","4.0","5.8","    1","    1",,,,
"USW00094728","NY CITY CENTRAL PARK, NY US","2022-10-26","1.3","0.0","0.0","0.0",,"22.2","15.6","  260","  220","4.5","7.2","    1",,,,,"    1"
"USW00094728","NY CITY CENTRAL PARK, NY US","2022-10-27","3.0","0.0","0.0","0.0",,"18.3","11.1","   20","  360","6.3","10.3",,,,,,
"USW00094728","NY CITY CENTRAL PARK, NY US","2022-10-28","2.5","0.0","0.0","0.0",,"13.3","7.2","   50","   60","6.7","8.9",,,,,,
"USW00094728","NY CITY CENTRAL PARK, NY US","2022-10-29","1.5","0.0","0.0","0.0",,"14.4","6.1","   50","   40","4.0","5.8",,,,,,
"USW00094728","NY CITY CENTRAL PARK, NY US","2022-10-30","0.4","0.0","0.0","0.0",,"17.2","6.1","   70","  200","2.7","4.0",,,,,,
"USW00094728","NY CITY CENTRAL PARK, NY US","2022-10-31","0.7","2.5","0.0","0.0",,"18.3","10.6","  220","  230","4.5","6.7","    1",,,,,
"USW00094728","NY CITY CENTRAL PARK, NY US","2022-11-01","1.7","2.0","0.0","0.0",,"19.4","15.0","  300","  290","4.0","6.3","    1",,,,,"    1"
"USW00094728","NY CITY CENTRAL PARK, NY US","2022-11-02","1.0","0.0","0.0","0.0",,"21.1","12.2","   50","   40","6.3","8.9",,,,,,
"USW00094728","NY CITY CENTRAL PARK, NY US","2022-11-03","0.9","0.0","0.0","0.0",,"19.4","11.1","  190","  180","3.1","4.9",,,,,,
"USW00094728","NY CITY CENTRAL PARK, NY US","2022-11-04","0.9","0.0","0.0","0.0",,"21.1","11.7","  140","  120","4.0","7.2","    1",,,,,"    1"
"USW00094728","NY CITY CENTRAL PARK, NY US","2022-11-05","1.8","0.0","0.0","0.0",,"24.4","17.8","  200","  200","4.5","8.5",,,,,,
"USW00094728","NY CITY CENTRAL PARK, NY US","2022-11-06","1.9","0.0","0.0","0.0",,"23.9","18.9","  180","  180","3.6","6.7",,,,,,
"USW00094728","NY CITY CENTRAL PARK, NY US","2022-11-07","2.7","0.0","0.0","0.0",,"25.0","12.2","  350","  350","6.3","9.4",,,,,,
"USW00094728","NY CITY CENTRAL PARK, NY US","2022-11-08","3.2","0.0","0.0","0.0",,"14.4","8.3","   50","   50","7.2","10.7",,,,,,
"USW00094728","NY CITY CENTRAL PARK, NY US","2022-11-09","2.0","0.0","0.0","0.0",,"11.7","4.4","   40","   20","7.2","10.7",,,,,,
"USW00094728","NY CITY CENTRAL PARK, NY US","2022-11-10","1.3","0.0","0.0","0.0",,"18.9","8.3","  220","  230","4.5","7.2",,,,,,
"USW00094728","NY CITY CENTRAL PARK, NY US","2022-11-11","1.6","22.6","0.0","0.0",,"20.0","15.0","  140","  150","5.8","10.3","    1",,,,,
"USW00094728","NY CITY CENTRAL PARK, NY US","2022-11-12","2.3","2.0","0.0","0.0",,"20.6","15.6","  280","  260","6.7","10.3","    1",,,,,
"USW00094728","NY CITY CENTRAL PARK, NY US","2022-11-13","2.6","1.0","0.0","0.0",,"16.1","5.0","  290","  290","6.7","10.7","    1",,,,,
"USW00094728","NY CITY CENTRAL PARK, NY US","2022-11-14","2.8","0.0","0.0","0.0",,"7.2","2.8","  300","  310","6.3","9.4",,,,,,
"USW00094728","NY CITY CENTRAL PARK, NY US","2022-11-15","3.0","14.2","0.0","0.0",,"7.8","1.7","   60","   80","6.7","9.8","    1",,,,,
"USW00094728","NY CITY CENTRAL PARK, NY US","2022-11-16","3.6","7.1","0.0","0.0",,"10.0","3.9","   60","   90","7.2","11.2","    1",,,,,
"USW00094728","NY CITY CENTRAL PARK, NY US","2022-11-17","3.4","0.0","0.0","0.0",,"7.8","2.8","  280","  280","8.1","12.5",,,,,,
"USW00094728","NY CITY CENTRAL PARK, NY US","2022-11-18","2.6","0.0","0.0","0.0",,"6.7","1.1","  230","  230","7.2","12.5",,,,,,
"USW00094728","NY CITY CENTRAL PARK, NY US","2022-11-19","2.6","0.0","0.0","0.0",,"4.4","-0.5","  280","  220","6.7","9.8",,,,,,
"USW00094728","NY CITY CENTRAL PARK, NY US","2022-11-20","4.3","0.0","0.0","0.0",,"4.4","-1.0","  310","  310","8.9","14.8",,,,,,
"USW00094728","NY CITY CENTRAL PARK, NY US","2022-11-21","2.8","0.0","0.0","0.0",,"5.0","-2.7","  240","  240","7.2","12.5",,,,,,"    1"
"USW00094728","NY CITY CENTRAL PARK, NY US","2022-11-22","2.4","0.0","0.0","0.0",,"10.6","2.8","  230","  230","6.7","9.8",,,,,,
"USW00094728","NY CITY CENTRAL PARK, NY US","2022-11-23","2.0","0.0","0.0","0.0",,"12.8","5.6","   60","  240","5.4","7.6",,,,,,
"USW00094728","NY CITY CENTRAL PARK, NY US","2022-11-24","1.7","0.0","0.0","0.0",,"12.2","4.4","  230","  230","4.0","6.3",,,,,,
"USW00094728","NY CITY CENTRAL PARK, NY US","2022-11-25","3.5","0.5","0.0","0.0",,"12.8","7.8","  300","  310","8.9","14.3","    1",,,,,"    1"
"USW00094728","NY CITY CENTRAL PARK, NY US","2022-11-26","3.1","0.0","0.0","0.0",,"13.9","5.6","  300","  300","9.8","14.8",,,,,,
"USW00094728","NY CITY CENTRAL PARK, NY US","2022-11-27","2.5","17.8","0.0","0.0",,"15.6","8.9","  240","  230","7.2","13.4","    1",,,,,
"USW00094728","NY CITY CENTRAL PARK, NY US","2022-11-28","3.3","0.0","0.0","0.0",,"12.2","5.0","  300","  300","8.1","13.4",,,,,,
"USW00094728","NY CITY CENTRAL PARK, NY US","2022-11-29","1.3","0.0","0.0","0.0",,"6.7","2.2","  290","   60","4.0","5.4",,,,,,
"USW00094728","NY CITY CENTRAL PARK, NY US","2022-11-30","3.1","12.7","0.0","0.0",,"14.4","4.4","  280","  270","7.6","13.0","    1",,,,,
"USW00094728","NY CITY CENTRAL PARK, NY US","2022-12-01","3.7","0.0","0.0","0.0",,"6.1","1.7","  310","  300","7.6","14.3",,,,,,
"USW00094728","NY CITY CENTRAL PARK, NY US","2022-12-02","1.7","0.0","0.0","0.0",,"8.3","0.0","  280","  280","5.4","8.1",,,,,,
"USW00094728","NY CITY CENTRAL PARK, NY US","2022-12-03","3.1","12.4","0.0","0.0",,"14.4","7.2","  300","  300","7.6","12.1","    1",,,,,
"USW00094728","NY CITY CENTRAL PARK, NY US","2022-12-04","2.2","0.0","0.0","0.0",,"7.2","3.3","  300","  290","6.3","10.3",,,,,,
"USW00094728","NY CITY CENTRAL PARK, NY US","2022-12-05","1.3","0.0","0.0","0.0",,"8.9","2.2","  170","  170","4.0","6.7",,,,,,
"USW00094728","NY CITY CENTRAL PARK, NY US","2022-12-06","2.3","26.7","0.0","0.0",,"14.4","5.6","  140","  140","6.7","10.3","    1",,,,,
"USW00094728","NY CITY CENTRAL PARK, NY US","2022-12-07","1.5","6.6","0.0","0.0",,"15.0","12.2","  160","  170","6.3","12.1","    1",,,,,
"USW00094728","NY CITY CENTRAL PARK, NY US","2022-12-08","2.1","0.0","0.0","0.0",,"12.8","5.6","   20","  290","5.4","8.9",,,,,,
"USW00094728","NY CITY CENTRAL PARK, NY US","2022-12-09","3.0","0.0","0.0","0.0",,"7.2","2.2","  360","   40","6.3","9.8",,,,,,
"USW00094728","NY CITY CENTRAL PARK, NY US","2022-12-10","3.2","0.0","0.0","0.0",,"3.9","0.0","   50","   80","6.7","9.4",,,,,,
"USW00094728","NY CITY CENTRAL PARK, NY US","2022-12-11","3.6","8.1","0.0","0.0",,"4.4","0.6","   50","   50","6.7","9.8","    1",,,,,
"USW00094728","NY CITY CENTRAL PARK, NY US","2022-12-12","2.6","0.3","0.0","0.0",,"3.3","-2.1","   30","  350","6.3","8.9","    1",,,,,
"USW00094728","NY CITY CENTRAL PARK, NY US","2022-12-13","1.8","0.0","0.0","0.0",,"4.4","-3.8","  290","  360","4.0","7.2",,,,,,
"USW00094728","NY CITY CENTRAL PARK, NY US","2022-12-14","3.3","0.0","0.0","0.0",,"3.9","-0.5","   30","   30","8.1","12.5",,,,,,
"USW00094728","NY CITY CENTRAL PARK, NY US","2022-12-15","3.8","13.0","0.0","0.0",,"5.6","0.6","   70","   90","8.1","13.0","    1",,,,,
"USW00094728","NY CITY CENTRAL PARK, NY US","2022-12-16","5.0","21.6","0.0","0.0",,"6.7","3.3","   60","   60","10.3","15.7","    1",,,,,
"USW00094728","NY CITY CENTRAL PARK, NY US","2022-12-17","3.6","0.0","0.0","0.0",,"6.7","2.2","  280","  270","6.7","10.3",,,,,,
"USW00094728","NY CITY CENTRAL PARK, NY US","2022-12-18","3.4","0.0","0.0","0.0",,"4.4","0.0","  300","  280","6.3","9.4",,,,,,
"USW00094728","NY CITY CENTRAL PARK, NY US","2022-12-19","3.4","0.0","0.0","0.0",,"3.9","-0.5","  310","  310","8.1","11.6",,,,,,
"USW00094728","NY CITY CENTRAL PARK, NY US","2022-12-20","2.5","0.0","0.0","0.0",,"3.9","-1.0","  300","  290","6.3","9.4",,,,,,
"USW00094728","NY CITY CENTRAL PARK, NY US","2022-12-21","0.7","0.0","0.0","0.0",,"4.4","-2.7","  350","  320","3.6","4.5",,,,,,
"USW00094728","NY CITY CENTRAL PARK, NY US","2022-12-22","3.8","5.8","0.0","0.0",,"8.3","1.7","   60","   70","8.9","16.1","    1",,,,,
"USW00094728","NY CITY CENTRAL PARK, NY US","2022-12-23","4.5","46.5","0.0","0.0",,"14.4","-13.2","  240","  240","13.0","20.1","    1","    1",,,,"    1"
"USW00094728","NY CITY CENTRAL PARK, NY US","2022-12-24","5.1","0.0","0.0","0.0",,"-9.3","-13.8","  240","  240","9.4","14.8",,,,,,
"USW00094728","NY CITY CENTRAL PARK, NY US","2022-12-25","3.8","0.0","0.0","0.0",,"-2.1","-9.9","  240","  240","9.4","13.9",,,,,,
"USW00094728","NY CITY CENTRAL PARK, NY US","2022-12-26","3.2","0.0","0.0","0.0",,"-1.6","-7.7","  280","  270","5.8","8.9",,,,,,
"USW00094728","NY CITY CENTRAL PARK, NY US","2022-12-27","2.5","0.0","0.0","0.0",,"1.7","-1.6","  240","  220","5.4","7.6",,,,,,
"USW00094728","NY CITY CENTRAL PARK, NY US","2022-12-28","2.3","0.0","0.0","0.0",,"8.3","0.6","  220","  210","7.2","11.6",,,,,,"    1"
"USW00094728","NY CITY CENTRAL PARK, NY US","2022-12-29","2.7","0.0","0.0","0.0",,"10.6","4.4","  240","  220","6.3","9.4",,,,,,
"USW00094728","NY CITY CENTRAL PARK, NY US","2022-12-30","1.3","0.0","0.0","0.0",,"16.7","7.8","  210","  220","4.0","7.2",,,,,,"    1"
"USW00094728","NY CITY CENTRAL PARK, NY US","2022-12-31","0.8","7.1","0.0","0.0",,"12.8","10.0","  230","  240","4.5","7.2","    1",,,,,"    1"
